{"cameraMode":{"drawMode":0,"name":"Shaded","section":"Shading Mode"},"sceneLighting":false,"audioPlay":false,"sceneViewState":{"m_AlwaysRefresh":false,"showFog":true,"showSkybox":false,"showFlares":true,"showImageEffects":true,"showParticleSystems":true,"showVisualEffectGraphs":true,"m_FxEnabled":true},"in2DMode":false,"pivot":{"x":0.018890023231506349,"y":0.6281434297561646,"z":-0.23626494407653809},"rotation":{"x":-0.08823678642511368,"y":0.8161724209785461,"z":-0.12763798236846925,"w":-0.5574305653572083},"size":0.6397691369056702,"orthographic":false}