{"cameraMode":{"drawMode":0,"name":"Shaded","section":"Shading Mode"},"sceneLighting":false,"audioPlay":false,"sceneViewState":{"m_AlwaysRefresh":false,"showFog":true,"showSkybox":true,"showFlares":true,"showImageEffects":true,"showParticleSystems":true,"showVisualEffectGraphs":true,"m_FxEnabled":true},"in2DMode":false,"pivot":{"x":-0.10917934030294419,"y":0.16988082230091096,"z":0.04505282640457153},"rotation":{"x":-0.1949596107006073,"y":-0.008886749856173993,"z":0.0024259325582534076,"w":-0.9808259010314941},"size":0.2082214057445526,"orthographic":false}